{"running_loss": 500040.12796875, "_timestamp": 1712700211.4544573, "_runtime": 2970.9049243927, "_step": 871, "_wandb": {"runtime": 2971}}