{"running_loss": 11291928.056875, "_timestamp": 1712728428.6152775, "_runtime": 26.362261533737183, "_step": 4, "_wandb": {"runtime": 27}}